condition,n,hallucinated_yes,correct_rejection_no,unclear_other,hallucination_rate,correct_rejection_rate,unclear_rate,causal_effect_vs_none
none,522,463,59,0,0.8869731800766284,0.11302681992337164,0.0,0.0
all,522,466,56,0,0.89272030651341,0.10727969348659004,0.0,-0.005747126436781547
removed,522,466,56,0,0.89272030651341,0.10727969348659004,0.0,-0.005747126436781547
context,522,464,58,0,0.8888888888888888,0.1111111111111111,0.0,-0.0019157088122604415
background,522,466,56,0,0.89272030651341,0.10727969348659004,0.0,-0.005747126436781547
