model,condition,total_samples,active_samples,active_fraction,none_hallucinated,masked_hallucinated,none_rate,masked_rate,effect,effect_pp,yes_to_no,no_to_yes,net_hallucination_reduction
llava13b,all,522,522,1.0,463,466,0.8869731800766284,0.89272030651341,-0.005747126436781547,-0.5747126436781547,16,19,-3
llava13b,removed,522,385,0.7375478927203065,338,341,0.8779220779220779,0.8857142857142857,-0.007792207792207795,-0.7792207792207795,3,6,-3
llava13b,context,522,456,0.8735632183908046,403,404,0.8837719298245614,0.8859649122807017,-0.002192982456140302,-0.21929824561403022,2,3,-1
llava13b,background,522,522,1.0,463,466,0.8869731800766284,0.89272030651341,-0.005747126436781547,-0.5747126436781547,15,18,-3
