condition,observed_effect,observed_effect_percentage_points,ci_low,ci_high,ci_low_percentage_points,ci_high_percentage_points,p_value_approx,n_samples,n_bootstrap
all,-0.005747126436781547,-0.5747126436781547,-0.026819923371647514,0.01724137931034475,-2.6819923371647514,1.724137931034475,0.6702,522,10000
removed,-0.005747126436781547,-0.5747126436781547,-0.017241379310344862,0.005747126436781547,-1.7241379310344862,0.5747126436781547,0.3932,522,10000
context,-0.0019157088122604415,-0.19157088122604415,-0.009578544061302763,0.005747126436781658,-0.9578544061302763,0.5747126436781658,0.8428,522,10000
background,-0.005747126436781547,-0.5747126436781547,-0.026819923371647514,0.01532567049808431,-2.6819923371647514,1.532567049808431,0.6556,522,10000
