region,strategy,n,hallucination_rate,hallucination_rate_percent
all,high_uncertainty,522,0.5440613026819924,54.406130268199234
all,random_matched_seed42,522,0.5383141762452107,53.83141762452107
removed,high_uncertainty,522,0.5823754789272031,58.23754789272031
removed,random_matched_seed42,522,0.5804597701149425,58.04597701149425
context,high_uncertainty,522,0.5842911877394636,58.429118773946364
context,random_matched_seed42,522,0.5862068965517241,58.620689655172406
background,high_uncertainty,522,0.5517241379310345,55.172413793103445
background,random_matched_seed42,522,0.5517241379310345,55.172413793103445
