model,all,removed,context,background
LLaVA-1.5-13B,-0.5747126436781547,-0.5747126436781547,-0.1915708812260441,-0.5747126436781547
LLaVA-1.5-7B,3.639846743295028,1.1494252873563315,0.5747126436781658,3.065134099616862
Qwen2.5-VL-7B,3.8314176245210727,0.0,-0.1915708812260536,3.065134099616858
