condition,n,hallucinated_yes,correct_rejection_no,unclear_other,hallucination_rate,correct_rejection_rate,unclear_rate,causal_effect_vs_none
none,522,415,107,0,0.7950191570881227,0.2049808429118774,0.0,0.0
all,522,396,126,0,0.7586206896551724,0.2413793103448276,0.0,0.03639846743295028
removed,522,409,113,0,0.7835249042145593,0.2164750957854406,0.0,0.011494252873563315
context,522,412,110,0,0.789272030651341,0.210727969348659,0.0,0.005747126436781658
background,522,399,123,0,0.764367816091954,0.23563218390804597,0.0,0.03065134099616862
