condition,observed_effect,observed_effect_percentage_points,ci_low,ci_high,ci_low_percentage_points,ci_high_percentage_points,p_value_approx,n_samples,n_bootstrap
all,0.03639846743295028,3.6398467432950277,0.015325670498084198,0.059386973180076574,1.5325670498084198,5.938697318007657,0.0014,522,10000
removed,0.011494252873563315,1.1494252873563315,0.0,0.02298850574712652,0.0,2.298850574712652,0.0642,522,10000
context,0.005747126436781658,0.5747126436781658,-0.005747126436781547,0.017241379310344862,-0.5747126436781547,1.7241379310344862,0.384,522,10000
background,0.03065134099616862,3.065134099616862,0.009578544061302652,0.051724137931034475,0.9578544061302652,5.1724137931034475,0.0036,522,10000
